timestamp	version	raterId	trialId	axis	prompt	systemA	systemB	flipped	choice	chosenSystem	dwellMs	playbackProblem
8/19/2026 22:32:27	snf-bench-axis-study-v1	test	22	decay	A_tropical_jungle_clearing_featuring_a_broad_lowland_river_c	CausVid	rolling_forcing	FALSE	left	CausVid	55078	FALSE
8/19/2026 22:33:12	snf-bench-axis-study-v1	test	3	drift	A_continuous_South_Korean_rainy_city_street_scene,_recorded_	longlive	reward_forcing	TRUE	right	longlive	42672	FALSE
8/19/2026 22:34:00	snf-bench-axis-study-v1	test	20	decay	A_storm-swollen_rural_stream,_recorded_by_a_fixed_tripod_cam	CausVid	longlive	FALSE	left	CausVid	46247	FALSE
8/19/2026 22:34:54	snf-bench-axis-study-v1	test	13	decay	A_tranquil_mountain_stream_in_a_rural_South_Korean_valley,_r	infinite_forcing	longlive	TRUE	right	infinite_forcing	50879	FALSE
8/19/2026 22:35:19	snf-bench-axis-study-v1	test	7	drift	A_South_Korean_countryside_scene_featuring_a_wide_river_stre	longlive	self_forcing	TRUE	left	self_forcing	23177	FALSE
8/19/2026 22:42:00	snf-bench-axis-study-v1	test	18	decay	A_stormy_sea_cliff_in_South_Korea,_recorded_by_a_static_trip	causal_forcing	infinite_forcing	FALSE	same	same	23303	FALSE
8/19/2026 22:47:25	snf-bench-axis-study-v1	test	19	decay	A_beautiful_South_Korean_empty_sea_beach_scene,_recorded_by_	reward_forcing	self_forcing	TRUE	left	self_forcing	322358	FALSE
8/19/2026 22:47:57	snf-bench-axis-study-v1	test	9	drift	A_stunning_tranquil_river_scene_beneath_a_concrete_bridge,_r	CausVid	infinite_forcing	TRUE	same	same	30019	FALSE
8/19/2026 22:48:43	snf-bench-axis-study-v1	test	12	decay	A_continuous_South_Korean_rainy_city_street_scene,_recorded_	reward_forcing	self_forcing	FALSE	right	self_forcing	44421	FALSE
8/19/2026 22:49:10	snf-bench-axis-study-v1	test	15	decay	An_alpine_meadow_below_snowline_featuring_a_multi-tiered_wat	CausVid	reward_forcing	TRUE	right	CausVid	25397	FALSE
8/19/2026 22:49:41	snf-bench-axis-study-v1	test	21	decay	A_Pacific_Northwest_old-growth_forest_scene_featuring_a_casc	causal_forcing	longlive	TRUE	right	causal_forcing	29494	FALSE
8/19/2026 22:49:59	snf-bench-axis-study-v1	test	8	drift	A_stunning_tranquil_river_scene_beneath_a_concrete_bridge,_r	causal_forcing	reward_forcing	FALSE	left	causal_forcing	15995	FALSE
8/19/2026 22:50:35	snf-bench-axis-study-v1	test	10	drift	A_storm-swollen_rural_stream,_recorded_by_a_fixed_tripod_cam	longlive	reward_forcing	FALSE	right	reward_forcing	34181	FALSE
8/19/2026 22:51:01	snf-bench-axis-study-v1	test	4	drift	A_dangerous_South_Korean_hilly_forest_storm_scene,_recorded_	infinite_forcing	reward_forcing	FALSE	same	same	24104	FALSE
8/19/2026 22:51:43	snf-bench-axis-study-v1	test	14	decay	A_dangerous_South_Korean_hilly_forest_storm_scene,_recorded_	causal_forcing	infinite_forcing	FALSE	left	causal_forcing	40897	FALSE
8/19/2026 22:52:11	snf-bench-axis-study-v1	test	17	decay	An_urban_storm_drain_canal,_recorded_by_a_static_tripod_came	longlive	self_forcing	TRUE	same	same	26032	FALSE
8/19/2026 22:52:25	snf-bench-axis-study-v1	test	1	drift	A_dangerous_South_Korean_hilly_forest_storm_scene,_recorded_	longlive	rolling_forcing	TRUE	left	rolling_forcing	12921	FALSE
8/19/2026 22:52:58	snf-bench-axis-study-v1	test	0	drift	An_alpine_meadow_below_snowline_featuring_a_multi-tiered_wat	CausVid	reward_forcing	FALSE	left	CausVid	31099	FALSE
8/19/2026 22:53:26	snf-bench-axis-study-v1	test	2	drift	A_high_desert_canyon_scene_featuring_a_wide_river_sweeping_f	infinite_forcing	reward_forcing	FALSE	right	reward_forcing	26279	FALSE
8/19/2026 22:53:52	snf-bench-axis-study-v1	test	16	decay	A_high_desert_canyon_scene_featuring_a_wide_river_sweeping_f	causal_forcing	self_forcing	FALSE	left	causal_forcing	24562	FALSE
8/19/2026 22:54:27	snf-bench-axis-study-v1	test	23	decay	An_ancient_stone_city_waterway_featuring_fast-moving_rapids_	causal_forcing	reward_forcing	TRUE	right	causal_forcing	33528	FALSE
8/19/2026 22:55:02	snf-bench-axis-study-v1	test	6	drift	A_serene_woodland_stream_scene,_recorded_by_a_completely_fix	causal_forcing	reward_forcing	FALSE	left	causal_forcing	33893	FALSE
8/19/2026 22:55:38	snf-bench-axis-study-v1	test	5	drift	A_continuous_South_Korean_urban_town_street_scene_during_sno	CausVid	self_forcing	TRUE	same	same	33367	FALSE
8/19/2026 22:56:03	snf-bench-axis-study-v1	test	11	drift	A_dangerous_rural_South_Korean_river_scene_at_night,_recorde	CausVid	self_forcing	TRUE	same	same	23440	FALSE
8/19/2026 23:11:34	snf-bench-axis-study-v1	test 2	0	drift	An_alpine_meadow_below_snowline_featuring_a_multi-tiered_wat	CausVid	reward_forcing	FALSE	left	CausVid	61636	FALSE
8/19/2026 23:11:56	snf-bench-axis-study-v1	test 2	1	drift	A_dangerous_South_Korean_hilly_forest_storm_scene,_recorded_	longlive	rolling_forcing	TRUE	left	rolling_forcing	19178	FALSE
8/19/2026 23:12:18	snf-bench-axis-study-v1	test 2	2	drift	A_high_desert_canyon_scene_featuring_a_wide_river_sweeping_f	infinite_forcing	reward_forcing	FALSE	right	reward_forcing	19171	FALSE
8/19/2026 23:13:26	snf-bench-axis-study-v1	test 2	3	drift	A_continuous_South_Korean_rainy_city_street_scene,_recorded_	longlive	reward_forcing	TRUE	right	longlive	63810	FALSE
8/19/2026 23:14:07	snf-bench-axis-study-v1	test 2	4	drift	A_dangerous_South_Korean_hilly_forest_storm_scene,_recorded_	infinite_forcing	reward_forcing	FALSE	same	same	38016	FALSE
8/19/2026 23:15:29	snf-bench-axis-study-v1	test 2	5	drift	A_continuous_South_Korean_urban_town_street_scene_during_sno	CausVid	self_forcing	TRUE	left	self_forcing	78405	FALSE
8/19/2026 23:15:45	snf-bench-axis-study-v1	test 2	6	drift	A_serene_woodland_stream_scene,_recorded_by_a_completely_fix	causal_forcing	reward_forcing	FALSE	left	causal_forcing	11547	FALSE
8/19/2026 23:15:55	snf-bench-axis-study-v1	test 2	7	drift	A_South_Korean_countryside_scene_featuring_a_wide_river_stre	longlive	self_forcing	TRUE	left	self_forcing	7987	FALSE
8/19/2026 23:16:07	snf-bench-axis-study-v1	test 2	8	drift	A_stunning_tranquil_river_scene_beneath_a_concrete_bridge,_r	causal_forcing	reward_forcing	FALSE	left	causal_forcing	9029	FALSE
8/19/2026 23:16:42	snf-bench-axis-study-v1	test 2	9	drift	A_stunning_tranquil_river_scene_beneath_a_concrete_bridge,_r	CausVid	infinite_forcing	TRUE	same	same	31341	FALSE
8/19/2026 23:17:26	snf-bench-axis-study-v1	test 2	10	drift	A_storm-swollen_rural_stream,_recorded_by_a_fixed_tripod_cam	longlive	reward_forcing	FALSE	left	longlive	41823	FALSE
8/19/2026 23:17:55	snf-bench-axis-study-v1	test 2	11	drift	A_dangerous_rural_South_Korean_river_scene_at_night,_recorde	CausVid	self_forcing	TRUE	left	self_forcing	26369	FALSE
8/19/2026 23:19:10	snf-bench-axis-study-v1	test 2	12	decay	A_continuous_South_Korean_rainy_city_street_scene,_recorded_	reward_forcing	self_forcing	FALSE	same	same	51663	TRUE
8/19/2026 23:19:40	snf-bench-axis-study-v1	test 2	13	decay	A_tranquil_mountain_stream_in_a_rural_South_Korean_valley,_r	infinite_forcing	longlive	TRUE	right	infinite_forcing	27510	FALSE
8/19/2026 23:20:05	snf-bench-axis-study-v1	test 2	14	decay	A_dangerous_South_Korean_hilly_forest_storm_scene,_recorded_	causal_forcing	infinite_forcing	FALSE	same	same	22934	FALSE
8/19/2026 23:20:28	snf-bench-axis-study-v1	test 2	15	decay	An_alpine_meadow_below_snowline_featuring_a_multi-tiered_wat	CausVid	reward_forcing	TRUE	right	CausVid	18791	FALSE
8/19/2026 23:20:53	snf-bench-axis-study-v1	test 2	16	decay	A_high_desert_canyon_scene_featuring_a_wide_river_sweeping_f	causal_forcing	self_forcing	FALSE	right	self_forcing	21705	FALSE
8/19/2026 23:23:55	snf-bench-axis-study-v1	test 2	17	decay	An_urban_storm_drain_canal,_recorded_by_a_static_tripod_came	longlive	self_forcing	TRUE	same	same	179074	FALSE
8/19/2026 23:24:54	snf-bench-axis-study-v1	test 2	18	decay	A_stormy_sea_cliff_in_South_Korea,_recorded_by_a_static_trip	causal_forcing	infinite_forcing	FALSE	right	infinite_forcing	55733	FALSE
8/19/2026 23:25:46	snf-bench-axis-study-v1	test 2	19	decay	A_beautiful_South_Korean_empty_sea_beach_scene,_recorded_by_	reward_forcing	self_forcing	TRUE	left	self_forcing	47912	FALSE
8/19/2026 23:26:09	snf-bench-axis-study-v1	test 2	20	decay	A_storm-swollen_rural_stream,_recorded_by_a_fixed_tripod_cam	CausVid	longlive	FALSE	left	CausVid	20359	FALSE
8/19/2026 23:26:39	snf-bench-axis-study-v1	test 2	21	decay	A_Pacific_Northwest_old-growth_forest_scene_featuring_a_casc	causal_forcing	longlive	TRUE	right	causal_forcing	27033	FALSE
8/19/2026 23:27:14	snf-bench-axis-study-v1	test 2	22	decay	A_tropical_jungle_clearing_featuring_a_broad_lowland_river_c	CausVid	rolling_forcing	FALSE	left	CausVid	31602	FALSE
8/19/2026 23:27:40	snf-bench-axis-study-v1	test 2	23	decay	An_ancient_stone_city_waterway_featuring_fast-moving_rapids_	causal_forcing	reward_forcing	TRUE	right	causal_forcing	22650	FALSE
8/19/2026 23:29:52	snf-bench-axis-study-v1	me	0	drift	An_alpine_meadow_below_snowline_featuring_a_multi-tiered_wat	CausVid	reward_forcing	FALSE	left	CausVid	35601	FALSE
8/19/2026 23:30:27	snf-bench-axis-study-v1	me	1	drift	A_dangerous_South_Korean_hilly_forest_storm_scene,_recorded_	longlive	rolling_forcing	TRUE	left	rolling_forcing	32437	FALSE
8/19/2026 23:30:38	snf-bench-axis-study-v1	me	2	drift	A_high_desert_canyon_scene_featuring_a_wide_river_sweeping_f	infinite_forcing	reward_forcing	FALSE	right	reward_forcing	8487	FALSE
8/19/2026 23:30:56	snf-bench-axis-study-v1	me	3	drift	A_continuous_South_Korean_rainy_city_street_scene,_recorded_	longlive	reward_forcing	TRUE	same	same	16271	FALSE
8/19/2026 23:31:17	snf-bench-axis-study-v1	me	4	drift	A_dangerous_South_Korean_hilly_forest_storm_scene,_recorded_	infinite_forcing	reward_forcing	FALSE	same	same	18000	FALSE
8/19/2026 23:31:38	snf-bench-axis-study-v1	me	5	drift	A_continuous_South_Korean_urban_town_street_scene_during_sno	CausVid	self_forcing	TRUE	same	same	19129	FALSE
8/19/2026 23:31:48	snf-bench-axis-study-v1	me	6	drift	A_serene_woodland_stream_scene,_recorded_by_a_completely_fix	causal_forcing	reward_forcing	FALSE	left	causal_forcing	6041	FALSE
8/19/2026 23:31:59	snf-bench-axis-study-v1	me	7	drift	A_South_Korean_countryside_scene_featuring_a_wide_river_stre	longlive	self_forcing	TRUE	left	self_forcing	8114	FALSE
8/19/2026 23:32:14	snf-bench-axis-study-v1	me	8	drift	A_stunning_tranquil_river_scene_beneath_a_concrete_bridge,_r	causal_forcing	reward_forcing	FALSE	left	causal_forcing	11839	FALSE
8/19/2026 23:32:33	snf-bench-axis-study-v1	me	9	drift	A_stunning_tranquil_river_scene_beneath_a_concrete_bridge,_r	CausVid	infinite_forcing	TRUE	same	same	15839	FALSE
8/19/2026 23:33:42	snf-bench-axis-study-v1	me	10	drift	A_storm-swollen_rural_stream,_recorded_by_a_fixed_tripod_cam	longlive	reward_forcing	FALSE	same	same	65066	FALSE
8/19/2026 23:33:58	snf-bench-axis-study-v1	me	11	drift	A_dangerous_rural_South_Korean_river_scene_at_night,_recorde	CausVid	self_forcing	TRUE	same	same	13555	FALSE
8/19/2026 23:34:48	snf-bench-axis-study-v1	me	12	decay	A_continuous_South_Korean_rainy_city_street_scene,_recorded_	reward_forcing	self_forcing	FALSE	same	same	42704	FALSE
8/19/2026 23:35:17	snf-bench-axis-study-v1	me	13	decay	A_tranquil_mountain_stream_in_a_rural_South_Korean_valley,_r	infinite_forcing	longlive	TRUE	same	same	25308	FALSE
8/19/2026 23:35:48	snf-bench-axis-study-v1	me	14	decay	A_dangerous_South_Korean_hilly_forest_storm_scene,_recorded_	causal_forcing	infinite_forcing	FALSE	same	same	26091	FALSE
8/19/2026 23:36:05	snf-bench-axis-study-v1	me	15	decay	An_alpine_meadow_below_snowline_featuring_a_multi-tiered_wat	CausVid	reward_forcing	TRUE	right	CausVid	14147	FALSE
8/19/2026 23:36:21	snf-bench-axis-study-v1	me	16	decay	A_high_desert_canyon_scene_featuring_a_wide_river_sweeping_f	causal_forcing	self_forcing	FALSE	right	self_forcing	12410	FALSE
8/19/2026 23:36:49	snf-bench-axis-study-v1	me	17	decay	An_urban_storm_drain_canal,_recorded_by_a_static_tripod_came	longlive	self_forcing	TRUE	same	same	25752	FALSE
8/19/2026 23:52:52	snf-bench-axis-study-v1	me	18	decay	A_stormy_sea_cliff_in_South_Korea,_recorded_by_a_static_trip	causal_forcing	infinite_forcing	FALSE	right	infinite_forcing	959709	FALSE
8/19/2026 23:54:01	snf-bench-axis-study-v1	me	19	decay	A_beautiful_South_Korean_empty_sea_beach_scene,_recorded_by_	reward_forcing	self_forcing	TRUE	left	self_forcing	66588	FALSE
8/19/2026 23:54:28	snf-bench-axis-study-v1	me	20	decay	A_storm-swollen_rural_stream,_recorded_by_a_fixed_tripod_cam	CausVid	longlive	FALSE	left	CausVid	23632	FALSE
8/19/2026 23:54:59	snf-bench-axis-study-v1	me	21	decay	A_Pacific_Northwest_old-growth_forest_scene_featuring_a_casc	causal_forcing	longlive	TRUE	same	same	28061	FALSE
8/19/2026 23:55:16	snf-bench-axis-study-v1	me	22	decay	A_tropical_jungle_clearing_featuring_a_broad_lowland_river_c	CausVid	rolling_forcing	FALSE	left	CausVid	12984	FALSE
8/19/2026 23:56:02	snf-bench-axis-study-v1	me	23	decay	An_ancient_stone_city_waterway_featuring_fast-moving_rapids_	causal_forcing	reward_forcing	TRUE	same	same	43594	FALSE
8/20/2026 19:23:15	snf-bench-axis-study-v1	jgh	0	drift	An_alpine_meadow_below_snowline_featuring_a_multi-tiered_wat	CausVid	reward_forcing	TRUE	left	reward_forcing	1919895	FALSE
8/20/2026 19:35:33	snf-bench-axis-study-v1	jgh	1	drift	A_dangerous_South_Korean_hilly_forest_storm_scene,_recorded_	longlive	rolling_forcing	FALSE	same	same	735424	FALSE
8/20/2026 19:35:59	snf-bench-axis-study-v1	jgh	2	drift	A_high_desert_canyon_scene_featuring_a_wide_river_sweeping_f	infinite_forcing	reward_forcing	TRUE	right	infinite_forcing	23583	FALSE
8/20/2026 19:36:25	snf-bench-axis-study-v1	jgh	3	drift	A_continuous_South_Korean_rainy_city_street_scene,_recorded_	longlive	reward_forcing	FALSE	left	longlive	22976	FALSE
8/20/2026 19:37:02	snf-bench-axis-study-v1	jgh	4	drift	A_dangerous_South_Korean_hilly_forest_storm_scene,_recorded_	infinite_forcing	reward_forcing	TRUE	right	infinite_forcing	33160	FALSE
8/20/2026 19:37:31	snf-bench-axis-study-v1	jgh	5	drift	A_continuous_South_Korean_urban_town_street_scene_during_sno	CausVid	self_forcing	FALSE	right	self_forcing	26005	FALSE
8/20/2026 19:38:38	snf-bench-axis-study-v1	jgh	6	drift	A_serene_woodland_stream_scene,_recorded_by_a_completely_fix	causal_forcing	reward_forcing	TRUE	same	same	62657	FALSE
8/20/2026 19:39:27	snf-bench-axis-study-v1	jgh	7	drift	A_South_Korean_countryside_scene_featuring_a_wide_river_stre	longlive	self_forcing	FALSE	left	longlive	44709	TRUE
8/20/2026 19:39:58	snf-bench-axis-study-v1	jgh	8	drift	A_stunning_tranquil_river_scene_beneath_a_concrete_bridge,_r	causal_forcing	reward_forcing	TRUE	left	reward_forcing	27612	FALSE
8/20/2026 19:40:12	snf-bench-axis-study-v1	jgh	9	drift	A_stunning_tranquil_river_scene_beneath_a_concrete_bridge,_r	CausVid	infinite_forcing	FALSE	right	infinite_forcing	11702	FALSE
8/20/2026 19:40:26	snf-bench-axis-study-v1	1205	0	drift	An_alpine_meadow_below_snowline_featuring_a_multi-tiered_wat	CausVid	reward_forcing	FALSE	right	reward_forcing	62373	FALSE
8/20/2026 19:41:08	snf-bench-axis-study-v1	1205	1	drift	A_dangerous_South_Korean_hilly_forest_storm_scene,_recorded_	longlive	rolling_forcing	TRUE	right	longlive	38592	FALSE
8/20/2026 19:42:06	snf-bench-axis-study-v1	jgh	10	drift	A_storm-swollen_rural_stream,_recorded_by_a_fixed_tripod_cam	longlive	reward_forcing	TRUE	right	longlive	109617	FALSE
8/20/2026 19:42:15	snf-bench-axis-study-v1	1205	2	drift	A_high_desert_canyon_scene_featuring_a_wide_river_sweeping_f	infinite_forcing	reward_forcing	FALSE	left	infinite_forcing	64750	FALSE
8/20/2026 19:42:51	snf-bench-axis-study-v1	1205	3	drift	A_continuous_South_Korean_rainy_city_street_scene,_recorded_	longlive	reward_forcing	TRUE	same	same	33386	FALSE
8/20/2026 19:43:05	snf-bench-axis-study-v1	1205	4	drift	A_dangerous_South_Korean_hilly_forest_storm_scene,_recorded_	infinite_forcing	reward_forcing	FALSE	right	reward_forcing	11021	FALSE
8/20/2026 19:43:20	snf-bench-axis-study-v1	jgh	11	drift	A_dangerous_rural_South_Korean_river_scene_at_night,_recorde	CausVid	self_forcing	FALSE	right	self_forcing	70987	FALSE
8/20/2026 19:43:44	snf-bench-axis-study-v1	1205	5	drift	A_continuous_South_Korean_urban_town_street_scene_during_sno	CausVid	self_forcing	TRUE	left	self_forcing	35848	FALSE
8/20/2026 19:44:08	snf-bench-axis-study-v1	1205	6	drift	A_serene_woodland_stream_scene,_recorded_by_a_completely_fix	causal_forcing	reward_forcing	FALSE	right	reward_forcing	20726	FALSE
8/20/2026 19:44:19	snf-bench-axis-study-v1	jgh	12	decay	A_continuous_South_Korean_rainy_city_street_scene,_recorded_	reward_forcing	self_forcing	TRUE	right	reward_forcing	52292	FALSE
8/20/2026 19:44:54	snf-bench-axis-study-v1	1205	7	drift	A_South_Korean_countryside_scene_featuring_a_wide_river_stre	longlive	self_forcing	TRUE	right	longlive	43198	FALSE
8/20/2026 19:45:05	snf-bench-axis-study-v1	1205	8	drift	A_stunning_tranquil_river_scene_beneath_a_concrete_bridge,_r	causal_forcing	reward_forcing	FALSE	right	reward_forcing	7991	FALSE
8/20/2026 19:45:24	snf-bench-axis-study-v1	1205	9	drift	A_stunning_tranquil_river_scene_beneath_a_concrete_bridge,_r	CausVid	infinite_forcing	TRUE	same	same	16044	FALSE
8/20/2026 19:45:33	snf-bench-axis-study-v1	jgh	13	decay	A_tranquil_mountain_stream_in_a_rural_South_Korean_valley,_r	infinite_forcing	longlive	FALSE	left	infinite_forcing	71536	FALSE
8/20/2026 19:45:53	snf-bench-axis-study-v1	1205	10	drift	A_storm-swollen_rural_stream,_recorded_by_a_fixed_tripod_cam	longlive	reward_forcing	FALSE	same	same	25283	FALSE
8/20/2026 19:46:00	snf-bench-axis-study-v1	jgh	14	decay	A_dangerous_South_Korean_hilly_forest_storm_scene,_recorded_	causal_forcing	infinite_forcing	TRUE	left	infinite_forcing	22523	FALSE
8/20/2026 19:46:10	snf-bench-axis-study-v1	1205	11	drift	A_dangerous_rural_South_Korean_river_scene_at_night,_recorde	CausVid	self_forcing	TRUE	left	self_forcing	14637	FALSE
8/20/2026 19:46:14	snf-bench-axis-study-v1	jgh	15	decay	An_alpine_meadow_below_snowline_featuring_a_multi-tiered_wat	CausVid	reward_forcing	FALSE	left	CausVid	12029	FALSE
8/20/2026 19:47:00	snf-bench-axis-study-v1	jgh	16	decay	A_high_desert_canyon_scene_featuring_a_wide_river_sweeping_f	causal_forcing	self_forcing	TRUE	left	self_forcing	43268	FALSE
8/20/2026 19:47:34	snf-bench-axis-study-v1	jgh	17	decay	An_urban_storm_drain_canal,_recorded_by_a_static_tripod_came	longlive	self_forcing	FALSE	same	same	30797	FALSE
8/20/2026 19:47:53	snf-bench-axis-study-v1	jgh	18	decay	A_stormy_sea_cliff_in_South_Korea,_recorded_by_a_static_trip	causal_forcing	infinite_forcing	TRUE	left	infinite_forcing	15832	FALSE
8/20/2026 19:48:07	snf-bench-axis-study-v1	jgh	19	decay	A_beautiful_South_Korean_empty_sea_beach_scene,_recorded_by_	reward_forcing	self_forcing	FALSE	left	reward_forcing	10550	FALSE
8/20/2026 19:48:21	snf-bench-axis-study-v1	jgh	20	decay	A_storm-swollen_rural_stream,_recorded_by_a_fixed_tripod_cam	CausVid	longlive	TRUE	right	CausVid	10716	FALSE
8/20/2026 19:48:42	snf-bench-axis-study-v1	jgh	21	decay	A_Pacific_Northwest_old-growth_forest_scene_featuring_a_casc	causal_forcing	longlive	FALSE	left	causal_forcing	17017	FALSE
8/20/2026 19:48:54	snf-bench-axis-study-v1	1205	12	decay	A_continuous_South_Korean_rainy_city_street_scene,_recorded_	reward_forcing	self_forcing	FALSE	left	reward_forcing	153854	FALSE
8/20/2026 19:48:59	snf-bench-axis-study-v1	jgh	22	decay	A_tropical_jungle_clearing_featuring_a_broad_lowland_river_c	CausVid	rolling_forcing	TRUE	right	CausVid	13654	FALSE
8/20/2026 19:49:18	snf-bench-axis-study-v1	jgh	23	decay	An_ancient_stone_city_waterway_featuring_fast-moving_rapids_	causal_forcing	reward_forcing	FALSE	left	causal_forcing	15972	FALSE
8/20/2026 19:49:47	snf-bench-axis-study-v1	1205	13	decay	A_tranquil_mountain_stream_in_a_rural_South_Korean_valley,_r	infinite_forcing	longlive	TRUE	right	infinite_forcing	49616	FALSE
8/20/2026 19:50:44	snf-bench-axis-study-v1	1205	14	decay	A_dangerous_South_Korean_hilly_forest_storm_scene,_recorded_	causal_forcing	infinite_forcing	FALSE	right	infinite_forcing	53864	FALSE
8/20/2026 19:51:12	snf-bench-axis-study-v1	1205	15	decay	An_alpine_meadow_below_snowline_featuring_a_multi-tiered_wat	CausVid	reward_forcing	TRUE	left	reward_forcing	24351	FALSE
8/20/2026 19:51:41	snf-bench-axis-study-v1	1205	16	decay	A_high_desert_canyon_scene_featuring_a_wide_river_sweeping_f	causal_forcing	self_forcing	FALSE	same	same	26496	FALSE
8/20/2026 19:52:18	snf-bench-axis-study-v1	1205	17	decay	An_urban_storm_drain_canal,_recorded_by_a_static_tripod_came	longlive	self_forcing	TRUE	left	self_forcing	34538	FALSE
8/20/2026 19:52:37	snf-bench-axis-study-v1	1205	18	decay	A_stormy_sea_cliff_in_South_Korea,_recorded_by_a_static_trip	causal_forcing	infinite_forcing	FALSE	right	infinite_forcing	16369	FALSE
8/20/2026 19:53:24	snf-bench-axis-study-v1	1205	19	decay	A_beautiful_South_Korean_empty_sea_beach_scene,_recorded_by_	reward_forcing	self_forcing	TRUE	same	same	44101	FALSE
8/20/2026 19:53:44	snf-bench-axis-study-v1	1205	20	decay	A_storm-swollen_rural_stream,_recorded_by_a_fixed_tripod_cam	CausVid	longlive	FALSE	right	longlive	17797	FALSE
8/20/2026 19:54:17	snf-bench-axis-study-v1	1205	21	decay	A_Pacific_Northwest_old-growth_forest_scene_featuring_a_casc	causal_forcing	longlive	TRUE	left	longlive	30313	FALSE
8/20/2026 19:54:40	snf-bench-axis-study-v1	1205	22	decay	A_tropical_jungle_clearing_featuring_a_broad_lowland_river_c	CausVid	rolling_forcing	FALSE	same	same	20721	FALSE
8/20/2026 19:54:57	snf-bench-axis-study-v1	1205	23	decay	An_ancient_stone_city_waterway_featuring_fast-moving_rapids_	causal_forcing	reward_forcing	TRUE	right	causal_forcing	13644	FALSE
8/20/2026 20:32:55	snf-bench-axis-study-v1	SEUNGHUN OH	0	drift	An_alpine_meadow_below_snowline_featuring_a_multi-tiered_wat	CausVid	reward_forcing	FALSE	right	reward_forcing	4106432	FALSE
8/20/2026 20:33:22	snf-bench-axis-study-v1	SEUNGHUN OH	1	drift	A_dangerous_South_Korean_hilly_forest_storm_scene,_recorded_	longlive	rolling_forcing	TRUE	left	rolling_forcing	22459	FALSE
8/20/2026 20:33:36	snf-bench-axis-study-v1	SEUNGHUN OH	2	drift	A_high_desert_canyon_scene_featuring_a_wide_river_sweeping_f	infinite_forcing	reward_forcing	FALSE	right	reward_forcing	10660	FALSE
8/20/2026 20:34:09	snf-bench-axis-study-v1	SEUNGHUN OH	3	drift	A_continuous_South_Korean_rainy_city_street_scene,_recorded_	longlive	reward_forcing	TRUE	right	longlive	30688	FALSE
8/20/2026 20:41:39	snf-bench-axis-study-v1	SEUNGHUN OH	4	drift	A_dangerous_South_Korean_hilly_forest_storm_scene,_recorded_	infinite_forcing	reward_forcing	FALSE	right	reward_forcing	446155	FALSE
8/20/2026 20:42:29	snf-bench-axis-study-v1	SEUNGHUN OH	5	drift	A_continuous_South_Korean_urban_town_street_scene_during_sno	CausVid	self_forcing	TRUE	right	CausVid	45930	FALSE
8/20/2026 20:42:37	snf-bench-axis-study-v1	SEUNGHUN OH	6	drift	A_serene_woodland_stream_scene,_recorded_by_a_completely_fix	causal_forcing	reward_forcing	FALSE	left	causal_forcing	5621	FALSE
8/20/2026 20:42:47	snf-bench-axis-study-v1	SEUNGHUN OH	7	drift	A_South_Korean_countryside_scene_featuring_a_wide_river_stre	longlive	self_forcing	TRUE	left	self_forcing	7832	FALSE
8/20/2026 20:43:18	snf-bench-axis-study-v1	SEUNGHUN OH	8	drift	A_stunning_tranquil_river_scene_beneath_a_concrete_bridge,_r	causal_forcing	reward_forcing	FALSE	left	causal_forcing	28295	FALSE
8/20/2026 20:44:19	snf-bench-axis-study-v1	SEUNGHUN OH	9	drift	A_stunning_tranquil_river_scene_beneath_a_concrete_bridge,_r	CausVid	infinite_forcing	TRUE	right	CausVid	57850	FALSE
8/20/2026 20:44:45	snf-bench-axis-study-v1	SEUNGHUN OH	10	drift	A_storm-swollen_rural_stream,_recorded_by_a_fixed_tripod_cam	longlive	reward_forcing	FALSE	same	same	22273	FALSE
8/20/2026 20:45:18	snf-bench-axis-study-v1	SEUNGHUN OH	11	drift	A_dangerous_rural_South_Korean_river_scene_at_night,_recorde	CausVid	self_forcing	TRUE	right	CausVid	28775	FALSE
8/20/2026 20:50:59	snf-bench-axis-study-v1	SEUNGHUN OH	12	decay	A_continuous_South_Korean_rainy_city_street_scene,_recorded_	reward_forcing	self_forcing	FALSE	same	same	214777	FALSE
8/20/2026 20:53:14	snf-bench-axis-study-v1	SEUNGHUN OH	13	decay	A_tranquil_mountain_stream_in_a_rural_South_Korean_valley,_r	infinite_forcing	longlive	TRUE	right	infinite_forcing	130814	FALSE
8/20/2026 20:53:35	snf-bench-axis-study-v1	SEUNGHUN OH	14	decay	A_dangerous_South_Korean_hilly_forest_storm_scene,_recorded_	causal_forcing	infinite_forcing	FALSE	right	infinite_forcing	18278	FALSE
8/20/2026 20:54:01	snf-bench-axis-study-v1	SEUNGHUN OH	15	decay	An_alpine_meadow_below_snowline_featuring_a_multi-tiered_wat	CausVid	reward_forcing	TRUE	right	CausVid	24228	FALSE
8/20/2026 20:54:44	snf-bench-axis-study-v1	SEUNGHUN OH	16	decay	A_high_desert_canyon_scene_featuring_a_wide_river_sweeping_f	causal_forcing	self_forcing	FALSE	right	self_forcing	39889	FALSE
8/20/2026 20:55:32	snf-bench-axis-study-v1	SEUNGHUN OH	17	decay	An_urban_storm_drain_canal,_recorded_by_a_static_tripod_came	longlive	self_forcing	TRUE	same	same	44762	FALSE
8/20/2026 20:56:32	snf-bench-axis-study-v1	SEUNGHUN OH	18	decay	A_stormy_sea_cliff_in_South_Korea,_recorded_by_a_static_trip	causal_forcing	infinite_forcing	FALSE	same	same	57013	FALSE
8/20/2026 20:57:27	snf-bench-axis-study-v1	SEUNGHUN OH	19	decay	A_beautiful_South_Korean_empty_sea_beach_scene,_recorded_by_	reward_forcing	self_forcing	TRUE	left	self_forcing	51186	FALSE
8/20/2026 20:58:09	snf-bench-axis-study-v1	SEUNGHUN OH	20	decay	A_storm-swollen_rural_stream,_recorded_by_a_fixed_tripod_cam	CausVid	longlive	FALSE	left	CausVid	38884	FALSE
8/20/2026 20:58:54	snf-bench-axis-study-v1	SEUNGHUN OH	21	decay	A_Pacific_Northwest_old-growth_forest_scene_featuring_a_casc	causal_forcing	longlive	TRUE	left	longlive	41677	FALSE
8/20/2026 21:00:04	snf-bench-axis-study-v1	SEUNGHUN OH	22	decay	A_tropical_jungle_clearing_featuring_a_broad_lowland_river_c	CausVid	rolling_forcing	FALSE	same	same	67134	FALSE
8/20/2026 21:00:47	snf-bench-axis-study-v1	SEUNGHUN OH	23	decay	An_ancient_stone_city_waterway_featuring_fast-moving_rapids_	causal_forcing	reward_forcing	TRUE	left	reward_forcing	38604	FALSE
8/21/2026 14:10:58	snf-bench-axis-study-v1	minar	0	drift	An_alpine_meadow_below_snowline_featuring_a_multi-tiered_wat	CausVid	reward_forcing	TRUE	right	CausVid	14263	FALSE
8/21/2026 14:11:18	snf-bench-axis-study-v1	minar	1	drift	A_dangerous_South_Korean_hilly_forest_storm_scene,_recorded_	longlive	rolling_forcing	FALSE	right	rolling_forcing	17042	FALSE
8/21/2026 14:11:32	snf-bench-axis-study-v1	minar	2	drift	A_high_desert_canyon_scene_featuring_a_wide_river_sweeping_f	infinite_forcing	reward_forcing	TRUE	left	reward_forcing	10282	FALSE
8/21/2026 14:12:10	snf-bench-axis-study-v1	minar	3	drift	A_continuous_South_Korean_rainy_city_street_scene,_recorded_	longlive	reward_forcing	FALSE	same	same	34829	FALSE
8/21/2026 14:12:40	snf-bench-axis-study-v1	minar	4	drift	A_dangerous_South_Korean_hilly_forest_storm_scene,_recorded_	infinite_forcing	reward_forcing	TRUE	left	reward_forcing	26703	FALSE
8/21/2026 14:13:11	snf-bench-axis-study-v1	minar	5	drift	A_continuous_South_Korean_urban_town_street_scene_during_sno	CausVid	self_forcing	FALSE	same	same	28205	FALSE
8/21/2026 14:13:26	snf-bench-axis-study-v1	minar	6	drift	A_serene_woodland_stream_scene,_recorded_by_a_completely_fix	causal_forcing	reward_forcing	TRUE	right	causal_forcing	11887	FALSE
8/21/2026 14:13:45	snf-bench-axis-study-v1	minar	7	drift	A_South_Korean_countryside_scene_featuring_a_wide_river_stre	longlive	self_forcing	FALSE	right	self_forcing	15883	FALSE
8/21/2026 14:14:05	snf-bench-axis-study-v1	minar	8	drift	A_stunning_tranquil_river_scene_beneath_a_concrete_bridge,_r	causal_forcing	reward_forcing	TRUE	right	causal_forcing	16656	FALSE
8/21/2026 14:14:32	snf-bench-axis-study-v1	minar	9	drift	A_stunning_tranquil_river_scene_beneath_a_concrete_bridge,_r	CausVid	infinite_forcing	FALSE	same	same	25351	FALSE
8/21/2026 14:15:16	snf-bench-axis-study-v1	minar	10	drift	A_storm-swollen_rural_stream,_recorded_by_a_fixed_tripod_cam	longlive	reward_forcing	TRUE	same	same	39976	FALSE
8/21/2026 14:15:57	snf-bench-axis-study-v1	minar	11	drift	A_dangerous_rural_South_Korean_river_scene_at_night,_recorde	CausVid	self_forcing	FALSE	right	self_forcing	37775	FALSE
8/21/2026 14:16:30	snf-bench-axis-study-v1	minar	12	decay	A_continuous_South_Korean_rainy_city_street_scene,_recorded_	reward_forcing	self_forcing	TRUE	same	same	24583	FALSE
8/21/2026 14:17:09	snf-bench-axis-study-v1	minar	13	decay	A_tranquil_mountain_stream_in_a_rural_South_Korean_valley,_r	infinite_forcing	longlive	FALSE	right	longlive	35822	FALSE
8/21/2026 14:17:20	snf-bench-axis-study-v1	minar	14	decay	A_dangerous_South_Korean_hilly_forest_storm_scene,_recorded_	causal_forcing	infinite_forcing	TRUE	right	causal_forcing	8180	FALSE
8/21/2026 14:18:03	snf-bench-axis-study-v1	minar	15	decay	An_alpine_meadow_below_snowline_featuring_a_multi-tiered_wat	CausVid	reward_forcing	FALSE	left	CausVid	39855	FALSE
8/21/2026 14:18:21	snf-bench-axis-study-v1	minar	16	decay	A_high_desert_canyon_scene_featuring_a_wide_river_sweeping_f	causal_forcing	self_forcing	TRUE	left	self_forcing	15846	FALSE
8/21/2026 14:18:40	snf-bench-axis-study-v1	minar	17	decay	An_urban_storm_drain_canal,_recorded_by_a_static_tripod_came	longlive	self_forcing	FALSE	same	same	14477	FALSE
8/21/2026 14:18:59	snf-bench-axis-study-v1	minar	18	decay	A_stormy_sea_cliff_in_South_Korea,_recorded_by_a_static_trip	causal_forcing	infinite_forcing	TRUE	left	infinite_forcing	15604	FALSE
8/21/2026 14:19:20	snf-bench-axis-study-v1	minar	19	decay	A_beautiful_South_Korean_empty_sea_beach_scene,_recorded_by_	reward_forcing	self_forcing	FALSE	same	same	18838	FALSE
8/21/2026 14:19:52	snf-bench-axis-study-v1	minar	20	decay	A_storm-swollen_rural_stream,_recorded_by_a_fixed_tripod_cam	CausVid	longlive	TRUE	right	CausVid	27730	FALSE
8/21/2026 14:20:28	snf-bench-axis-study-v1	minar	21	decay	A_Pacific_Northwest_old-growth_forest_scene_featuring_a_casc	causal_forcing	longlive	FALSE	same	same	32616	FALSE
8/21/2026 14:21:05	snf-bench-axis-study-v1	minar	22	decay	A_tropical_jungle_clearing_featuring_a_broad_lowland_river_c	CausVid	rolling_forcing	TRUE	right	CausVid	34231	FALSE
8/21/2026 14:21:26	snf-bench-axis-study-v1	minar	23	decay	An_ancient_stone_city_waterway_featuring_fast-moving_rapids_	causal_forcing	reward_forcing	FALSE	same	same	16460	FALSE
8/21/2026 14:44:23	snf-bench-axis-study-v1	mrm	0	drift	An_alpine_meadow_below_snowline_featuring_a_multi-tiered_wat	CausVid	reward_forcing	FALSE	left	CausVid	14210	FALSE
8/21/2026 14:44:41	snf-bench-axis-study-v1	mrm	1	drift	A_dangerous_South_Korean_hilly_forest_storm_scene,_recorded_	longlive	rolling_forcing	TRUE	left	rolling_forcing	15536	FALSE
8/21/2026 14:45:09	snf-bench-axis-study-v1	mrm	2	drift	A_high_desert_canyon_scene_featuring_a_wide_river_sweeping_f	infinite_forcing	reward_forcing	FALSE	right	reward_forcing	25185	FALSE
8/21/2026 14:45:47	snf-bench-axis-study-v1	mrm	3	drift	A_continuous_South_Korean_rainy_city_street_scene,_recorded_	longlive	reward_forcing	TRUE	same	same	34381	FALSE
8/21/2026 14:46:03	snf-bench-axis-study-v1	mrm	4	drift	A_dangerous_South_Korean_hilly_forest_storm_scene,_recorded_	infinite_forcing	reward_forcing	FALSE	right	reward_forcing	12764	FALSE
8/21/2026 14:53:24	snf-bench-axis-study-v1	mrm	5	drift	A_continuous_South_Korean_urban_town_street_scene_during_sno	CausVid	self_forcing	TRUE	same	same	435253	FALSE
8/21/2026 14:53:35	snf-bench-axis-study-v1	mrm	6	drift	A_serene_woodland_stream_scene,_recorded_by_a_completely_fix	causal_forcing	reward_forcing	FALSE	left	causal_forcing	8330	FALSE
8/21/2026 14:53:47	snf-bench-axis-study-v1	mrm	7	drift	A_South_Korean_countryside_scene_featuring_a_wide_river_stre	longlive	self_forcing	TRUE	left	self_forcing	9317	FALSE
8/21/2026 14:54:02	snf-bench-axis-study-v1	mrm	8	drift	A_stunning_tranquil_river_scene_beneath_a_concrete_bridge,_r	causal_forcing	reward_forcing	FALSE	left	causal_forcing	11724	FALSE
8/21/2026 14:54:19	snf-bench-axis-study-v1	mrm	9	drift	A_stunning_tranquil_river_scene_beneath_a_concrete_bridge,_r	CausVid	infinite_forcing	TRUE	same	same	15175	FALSE
8/21/2026 14:54:31	snf-bench-axis-study-v1	mrm	10	drift	A_storm-swollen_rural_stream,_recorded_by_a_fixed_tripod_cam	longlive	reward_forcing	FALSE	left	longlive	8773	FALSE
8/21/2026 14:55:10	snf-bench-axis-study-v1	mrm	11	drift	A_dangerous_rural_South_Korean_river_scene_at_night,_recorde	CausVid	self_forcing	TRUE	same	same	34950	FALSE
8/21/2026 14:55:39	snf-bench-axis-study-v1	mrm	12	decay	A_continuous_South_Korean_rainy_city_street_scene,_recorded_	reward_forcing	self_forcing	FALSE	same	same	19663	FALSE
8/21/2026 14:56:08	snf-bench-axis-study-v1	mrm	13	decay	A_tranquil_mountain_stream_in_a_rural_South_Korean_valley,_r	infinite_forcing	longlive	TRUE	same	same	24614	FALSE
8/21/2026 14:56:26	snf-bench-axis-study-v1	mrm	14	decay	A_dangerous_South_Korean_hilly_forest_storm_scene,_recorded_	causal_forcing	infinite_forcing	FALSE	same	same	12119	FALSE
8/21/2026 14:56:50	snf-bench-axis-study-v1	mrm	15	decay	An_alpine_meadow_below_snowline_featuring_a_multi-tiered_wat	CausVid	reward_forcing	TRUE	right	CausVid	20571	FALSE
8/21/2026 14:57:05	snf-bench-axis-study-v1	mrm	16	decay	A_high_desert_canyon_scene_featuring_a_wide_river_sweeping_f	causal_forcing	self_forcing	FALSE	right	self_forcing	12227	FALSE
8/21/2026 14:57:26	snf-bench-axis-study-v1	mrm	17	decay	An_urban_storm_drain_canal,_recorded_by_a_static_tripod_came	longlive	self_forcing	TRUE	same	same	17612	FALSE
8/21/2026 14:57:46	snf-bench-axis-study-v1	mrm	18	decay	A_stormy_sea_cliff_in_South_Korea,_recorded_by_a_static_trip	causal_forcing	infinite_forcing	FALSE	same	same	17319	FALSE
8/21/2026 14:58:09	snf-bench-axis-study-v1	mrm	19	decay	A_beautiful_South_Korean_empty_sea_beach_scene,_recorded_by_	reward_forcing	self_forcing	TRUE	same	same	18919	FALSE
8/21/2026 14:58:27	snf-bench-axis-study-v1	mrm	20	decay	A_storm-swollen_rural_stream,_recorded_by_a_fixed_tripod_cam	CausVid	longlive	FALSE	left	CausVid	14583	FALSE
8/21/2026 14:59:10	snf-bench-axis-study-v1	mrm	21	decay	A_Pacific_Northwest_old-growth_forest_scene_featuring_a_casc	causal_forcing	longlive	TRUE	same	same	39903	FALSE
8/21/2026 14:59:27	snf-bench-axis-study-v1	mrm	22	decay	A_tropical_jungle_clearing_featuring_a_broad_lowland_river_c	CausVid	rolling_forcing	FALSE	left	CausVid	14811	FALSE
8/21/2026 15:00:27	snf-bench-axis-study-v1	mrm	23	decay	An_ancient_stone_city_waterway_featuring_fast-moving_rapids_	causal_forcing	reward_forcing	TRUE	same	same	54437	FALSE
