SNF-Bench Human Study Summary					
Updated	8/21/2026				
					
Axis overview					
axis	responses	raters	ties	tie_rate	playback_issues
drift	96	8	26	27.1%	1
decay	96	8	32	33.3%	1
all	192	8	58	30.2%	2
					
Selections by axis					
axis	chosen_system	count	share_of_axis		
drift	CausVid	8	0.08333333333		
drift	causal_forcing	12	0.125		
drift	infinite_forcing	4	0.04166666667		
drift	longlive	10	0.1041666667		
drift	reward_forcing	17	0.1770833333		
drift	rolling_forcing	6	0.0625		
drift	same	26	0.2708333333		
drift	self_forcing	13	0.1354166667		
decay	CausVid	20	0.2083333333		
decay	causal_forcing	10	0.1041666667		
decay	infinite_forcing	13	0.1354166667		
decay	longlive	4	0.04166666667		
decay	reward_forcing	5	0.05208333333		
decay	same	32	0.3333333333		
decay	self_forcing	12	0.125		
					
Rater completion					
rater_id	drift_completed	decay_completed	total_completed	complete_24	mean_dwell_seconds
1205	12	12	24	YES	35.81304167
SEUNGHUN OH	12	12	24	YES	232.509
jgh	12	12	24	YES	141.8547083
me	12	12	24	YES	63.806625
minar	12	12	24	YES	23.46225
mrm	12	12	24	YES	37.18233333
test	12	12	24	YES	43.88929167
test 2	12	12	24	YES	38.96991667