track,duration,prompt_id,fine_type,category,source,rule,evidence,basis
i2v,5s,"A completely fixed, static, macro-closeup tripod-mounted camera records heavy rainfall falling direc",rainfall_closeup,precipitation,meta,rainfall|\brain\b|\brains\b|\brainy\b|rainstorm|rain[_ ]streak|raindrop|\bsnow\b|snowfall|\bsnowy\b|\bsleet\b|\bhail\b|\bdownpour\b|\bdrizzle\b|\bprecipitation\b|\bpuddle,rainfall,rainfall_closeup
i2v,5s,"A completely fixed, static, tripod-mounted camera records a burning indoor fireplace from a direct f",indoor_fireplace,fire_smoke,meta,wildfire|campfire|fireplace|fire pit|firefight|bonfire|hearth|\bfire\b|\bsmoke|\bgrill|\bembers?\b|\bflames?\b,fireplace,indoor_fireplace
i2v,5s,"A completely fixed, static, tripod-mounted camera records a calm urban river at deep blue twilight f",river_stream_calm,river_stream,meta,\briver|\bstream|\bcreek|\bcanal|waterfall|cascad|\brapids?\b|\bbrook\b|\bflood|\btorrent|waterway|storm drain|\bweir\b|\bfountain\b|\bpond\b|\bchannel\b|\bcurrent\b,river,river_stream_calm
i2v,5s,"A completely fixed, static, tripod-mounted camera records a catastrophic desert haboob sandstorm app",desert_sandstorm,windborne,meta,wind[_ ]particle|sandstorm|sand storm|dust storm|dust[_ ]storm|windstorm|\bwind\b|cherry blossom|cherry[_ ]blossom|\bsakura\b|autumn[_ ]leaves|\bcloud[_ ]drift|drifting clouds?|\bgust,sandstorm,desert_sandstorm
i2v,5s,"A completely fixed, static, tripod-mounted camera records a dense urban residential and commercial d",wind_particles_cherry_blossom_urban,windborne,meta,wind[_ ]particle|sandstorm|sand storm|dust storm|dust[_ ]storm|windstorm|\bwind\b|cherry blossom|cherry[_ ]blossom|\bsakura\b|autumn[_ ]leaves|\bcloud[_ ]drift|drifting clouds?|\bgust,wind particle,wind_particles_cherry_blossom_urban
i2v,5s,"A completely fixed, static, tripod-mounted camera records a historic Kyoto canal lined with cherry b",river_stream_cherry_blossom_night,river_stream,meta,\briver|\bstream|\bcreek|\bcanal|waterfall|cascad|\brapids?\b|\bbrook\b|\bflood|\btorrent|waterway|storm drain|\bweir\b|\bfountain\b|\bpond\b|\bchannel\b|\bcurrent\b,river,river_stream_cherry_blossom_night
i2v,5s,"A completely fixed, static, tripod-mounted camera records an active snowfall over the ornate Bow Bri",urban_snowfall_park,precipitation,meta,rainfall|\brain\b|\brains\b|\brainy\b|rainstorm|rain[_ ]streak|raindrop|\bsnow\b|snowfall|\bsnowy\b|\bsleet\b|\bhail\b|\bdownpour\b|\bdrizzle\b|\bprecipitation\b|\bpuddle,snowfall,urban_snowfall_park
i2v,5s,"A completely fixed, static, tripod-mounted camera records an active volcanic lava flow field at blue",volcanic_lava_flow,lava_volcanic,meta,volcan|lava|magma|ash column|eruption|pyroclast,volcan,volcanic_lava_flow
i2v,5s,"A completely fixed, static, tripod-mounted camera records an extremely heavy nighttime snowfall on a",urban_snowfall_night,precipitation,meta,rainfall|\brain\b|\brains\b|\brainy\b|rainstorm|rain[_ ]streak|raindrop|\bsnow\b|snowfall|\bsnowy\b|\bsleet\b|\bhail\b|\bdownpour\b|\bdrizzle\b|\bprecipitation\b|\bpuddle,snowfall,urban_snowfall_night
i2v,5s,"A completely fixed, static, tripod-mounted camera records an urban intersection fire and explosion e",urban_fire_smoke,fire_smoke,meta,wildfire|campfire|fireplace|fire pit|firefight|bonfire|hearth|\bfire\b|\bsmoke|\bgrill|\bembers?\b|\bflames?\b,fire,urban_fire_smoke
i2v,60s,"A completely fixed, static, macro tripod-mounted camera records heavy urban rainfall from an extreme",rainfall_puddle_macro,precipitation,meta,rainfall|\brain\b|\brains\b|\brainy\b|rainstorm|rain[_ ]streak|raindrop|\bsnow\b|snowfall|\bsnowy\b|\bsleet\b|\bhail\b|\bdownpour\b|\bdrizzle\b|\bprecipitation\b|\bpuddle,rainfall,rainfall_puddle_macro
i2v,60s,"A completely fixed, static, macro-range tripod-mounted camera records a rain-streaked window pane wi",rain_window_cityscape,precipitation,meta,rainfall|\brain\b|\brains\b|\brainy\b|rainstorm|rain[_ ]streak|raindrop|\bsnow\b|snowfall|\bsnowy\b|\bsleet\b|\bhail\b|\bdownpour\b|\bdrizzle\b|\bprecipitation\b|\bpuddle,rain,rain_window_cityscape
i2v,60s,"A completely fixed, static, tripod-mounted camera records a burning forest campfire at night from a ",outdoor_campfire,fire_smoke,meta,wildfire|campfire|fireplace|fire pit|firefight|bonfire|hearth|\bfire\b|\bsmoke|\bgrill|\bembers?\b|\bflames?\b,campfire,outdoor_campfire
i2v,60s,"A completely fixed, static, tripod-mounted camera records a calm overcast coastal beach scene from a",coastal_ocean_overcast,ocean_waves,meta,\bocean|\bsea\b|seascape|\bsurf\b|\bwaves?\b|\bbeach|coastal|shoreline|\btide|\bfjord|\bswell\b|\bbreakers?\b|\bcliffs? in\b,coastal,coastal_ocean_overcast
i2v,60s,"A completely fixed, static, tripod-mounted camera records a calm winter river from a slightly elevat",river_stream_winter,river_stream,meta,\briver|\bstream|\bcreek|\bcanal|waterfall|cascad|\brapids?\b|\bbrook\b|\bflood|\btorrent|waterway|storm drain|\bweir\b|\bfountain\b|\bpond\b|\bchannel\b|\bcurrent\b,river,river_stream_winter
i2v,60s,"A completely fixed, static, tripod-mounted camera records a clear summer forest stream with boulder ",forest_stream_rapids,river_stream,meta,\briver|\bstream|\bcreek|\bcanal|waterfall|cascad|\brapids?\b|\bbrook\b|\bflood|\btorrent|waterway|storm drain|\bweir\b|\bfountain\b|\bpond\b|\bchannel\b|\bcurrent\b,stream,forest_stream_rapids
i2v,60s,"A completely fixed, static, tripod-mounted camera records a coastal tuff cone headland and the open ",coastal_cliff_waves,ocean_waves,meta,\bocean|\bsea\b|seascape|\bsurf\b|\bwaves?\b|\bbeach|coastal|shoreline|\btide|\bfjord|\bswell\b|\bbreakers?\b|\bcliffs? in\b,coastal,coastal_cliff_waves
i2v,60s,"A completely fixed, static, tripod-mounted camera records a desert dust storm sweeping across a flat",desert_dust_storm,windborne,meta,wind[_ ]particle|sandstorm|sand storm|dust storm|dust[_ ]storm|windstorm|\bwind\b|cherry blossom|cherry[_ ]blossom|\bsakura\b|autumn[_ ]leaves|\bcloud[_ ]drift|drifting clouds?|\bgust,dust storm,desert_dust_storm
i2v,60s,"A completely fixed, static, tripod-mounted camera records a fast mountain river cascading over a bou",river_stream_cascade_mountain,river_stream,meta,\briver|\bstream|\bcreek|\bcanal|waterfall|cascad|\brapids?\b|\bbrook\b|\bflood|\btorrent|waterway|storm drain|\bweir\b|\bfountain\b|\bpond\b|\bchannel\b|\bcurrent\b,river,river_stream_cascade_mountain
i2v,60s,"A completely fixed, static, tripod-mounted camera records a gentle clear forest stream in a lush gre",river_stream_forest_calm,river_stream,meta,\briver|\bstream|\bcreek|\bcanal|waterfall|cascad|\brapids?\b|\bbrook\b|\bflood|\btorrent|waterway|storm drain|\bweir\b|\bfountain\b|\bpond\b|\bchannel\b|\bcurrent\b,river,river_stream_forest_calm
i2v,60s,"A completely fixed, static, tripod-mounted camera records a heavy daytime snowstorm on a dense city ",urban_snowfall_day,precipitation,meta,rainfall|\brain\b|\brains\b|\brainy\b|rainstorm|rain[_ ]streak|raindrop|\bsnow\b|snowfall|\bsnowy\b|\bsleet\b|\bhail\b|\bdownpour\b|\bdrizzle\b|\bprecipitation\b|\bpuddle,snowfall,urban_snowfall_day
i2v,60s,"A completely fixed, static, tripod-mounted camera records a heavy nighttime snowfall on a quiet hist",urban_snowfall_night,precipitation,meta,rainfall|\brain\b|\brains\b|\brainy\b|rainstorm|rain[_ ]streak|raindrop|\bsnow\b|snowfall|\bsnowy\b|\bsleet\b|\bhail\b|\bdownpour\b|\bdrizzle\b|\bprecipitation\b|\bpuddle,snowfall,urban_snowfall_night
i2v,60s,"A completely fixed, static, tripod-mounted camera records a lone windswept pine clinging to a bare r",wind_tree_clouds,windborne,meta,wind[_ ]particle|sandstorm|sand storm|dust storm|dust[_ ]storm|windstorm|\bwind\b|cherry blossom|cherry[_ ]blossom|\bsakura\b|autumn[_ ]leaves|\bcloud[_ ]drift|drifting clouds?|\bgust,wind,wind_tree_clouds
i2v,60s,"A completely fixed, static, tripod-mounted camera records a multi-tiered cascading forest stream fro",forest_stream_waterfall,river_stream,meta,\briver|\bstream|\bcreek|\bcanal|waterfall|cascad|\brapids?\b|\bbrook\b|\bflood|\btorrent|waterway|storm drain|\bweir\b|\bfountain\b|\bpond\b|\bchannel\b|\bcurrent\b,stream,forest_stream_waterfall
i2v,60s,"A completely fixed, static, tripod-mounted camera records a quiet urban park river at night. The cam",city_park_river_night,river_stream,meta,\briver|\bstream|\bcreek|\bcanal|waterfall|cascad|\brapids?\b|\bbrook\b|\bflood|\btorrent|waterway|storm drain|\bweir\b|\bfountain\b|\bpond\b|\bchannel\b|\bcurrent\b,river,city_park_river_night
i2v,60s,"A completely fixed, static, tripod-mounted camera records a rain-drenched forest path in late aftern",forest_rain_path,precipitation,meta,rainfall|\brain\b|\brains\b|\brainy\b|rainstorm|rain[_ ]streak|raindrop|\bsnow\b|snowfall|\bsnowy\b|\bsleet\b|\bhail\b|\bdownpour\b|\bdrizzle\b|\bprecipitation\b|\bpuddle,rain,forest_rain_path
i2v,60s,"A completely fixed, static, tripod-mounted camera records a swollen muddy flood torrent surging thro",river_flood_torrent,river_stream,meta,\briver|\bstream|\bcreek|\bcanal|waterfall|cascad|\brapids?\b|\bbrook\b|\bflood|\btorrent|waterway|storm drain|\bweir\b|\bfountain\b|\bpond\b|\bchannel\b|\bcurrent\b,river,river_flood_torrent
i2v,60s,"A completely fixed, static, tripod-mounted camera records a swollen winter flood river from a low ba",river_flood,river_stream,meta,\briver|\bstream|\bcreek|\bcanal|waterfall|cascad|\brapids?\b|\bbrook\b|\bflood|\btorrent|waterway|storm drain|\bweir\b|\bfountain\b|\bpond\b|\bchannel\b|\bcurrent\b,river,river_flood
i2v,60s,"A completely fixed, static, tripod-mounted camera records a tranquil moonlit ocean seascape at night",moonlit_ocean_seascape,ocean_waves,meta,\bocean|\bsea\b|seascape|\bsurf\b|\bwaves?\b|\bbeach|coastal|shoreline|\btide|\bfjord|\bswell\b|\bbreakers?\b|\bcliffs? in\b,ocean,moonlit_ocean_seascape
i2v,60s,"A completely fixed, static, tripod-mounted camera records a tranquil street in a Japanese city durin",kanji_sakura_street,windborne,meta,wind[_ ]particle|sandstorm|sand storm|dust storm|dust[_ ]storm|windstorm|\bwind\b|cherry blossom|cherry[_ ]blossom|\bsakura\b|autumn[_ ]leaves|\bcloud[_ ]drift|drifting clouds?|\bgust,sakura,kanji_sakura_street
i2v,60s,"A completely fixed, static, tripod-mounted camera records a tropical beach with overhanging coconut ",ocean_waves_tropical_beach,ocean_waves,meta,\bocean|\bsea\b|seascape|\bsurf\b|\bwaves?\b|\bbeach|coastal|shoreline|\btide|\bfjord|\bswell\b|\bbreakers?\b|\bcliffs? in\b,ocean,ocean_waves_tropical_beach
i2v,60s,"A completely fixed, static, tripod-mounted camera records a violent volcanic eruption at deep blue h",volcanic_eruption_ash_column,lava_volcanic,meta,volcan|lava|magma|ash column|eruption|pyroclast,volcan,volcanic_eruption_ash_column
i2v,60s,"A completely fixed, static, tripod-mounted camera records an active snowfall in a dense mountain spr",forest_snowfall,precipitation,meta,rainfall|\brain\b|\brains\b|\brainy\b|rainstorm|rain[_ ]streak|raindrop|\bsnow\b|snowfall|\bsnowy\b|\bsleet\b|\bhail\b|\bdownpour\b|\bdrizzle\b|\bprecipitation\b|\bpuddle,snowfall,forest_snowfall
i2v,60s,"A completely fixed, static, tripod-mounted camera records an active snowfall over a wide open alpine",alpine_snowfall,precipitation,meta,rainfall|\brain\b|\brains\b|\brainy\b|rainstorm|rain[_ ]streak|raindrop|\bsnow\b|snowfall|\bsnowy\b|\bsleet\b|\bhail\b|\bdownpour\b|\bdrizzle\b|\bprecipitation\b|\bpuddle,snowfall,alpine_snowfall
i2v,60s,"A completely fixed, static, tripod-mounted camera records an active volcanic lava ocean entry event ",volcanic_lava_ocean_entry,lava_volcanic,meta,volcan|lava|magma|ash column|eruption|pyroclast,volcan,volcanic_lava_ocean_entry
i2v,60s,"A completely fixed, static, tripod-mounted camera records an erupting stratovolcano at golden sunset",volcanic_eruption_smoke,lava_volcanic,meta,volcan|lava|magma|ash column|eruption|pyroclast,volcan,volcanic_eruption_smoke
i2v,60s,"A completely fixed, static, tripod-mounted camera records an extremely heavy nighttime snowfall on a",urban_snowfall_night,precipitation,meta,rainfall|\brain\b|\brains\b|\brainy\b|rainstorm|rain[_ ]streak|raindrop|\bsnow\b|snowfall|\bsnowy\b|\bsleet\b|\bhail\b|\bdownpour\b|\bdrizzle\b|\bprecipitation\b|\bpuddle,snowfall,urban_snowfall_night
i2v,60s,"A completely fixed, static, tripod-mounted camera records moderate rainfall in a cultivated garden a",garden_rainfall,precipitation,meta,rainfall|\brain\b|\brains\b|\brainy\b|rainstorm|rain[_ ]streak|raindrop|\bsnow\b|snowfall|\bsnowy\b|\bsleet\b|\bhail\b|\bdownpour\b|\bdrizzle\b|\bprecipitation\b|\bpuddle,rainfall,garden_rainfall
i2v,60s,"A completely fixed, static, tripod-mounted camera records the underside of a long concrete river bri",river_under_bridge_fog,river_stream,meta,\briver|\bstream|\bcreek|\bcanal|waterfall|cascad|\brapids?\b|\bbrook\b|\bflood|\btorrent|waterway|storm drain|\bweir\b|\bfountain\b|\bpond\b|\bchannel\b|\bcurrent\b,river,river_under_bridge_fog
i2v,60s,"A completely fixed, static, tripod-mounted camera records two coconut palms thrashing in a violent t",storm_wind_rain_palms,windborne,meta,wind[_ ]particle|sandstorm|sand storm|dust storm|dust[_ ]storm|windstorm|\bwind\b|cherry blossom|cherry[_ ]blossom|\bsakura\b|autumn[_ ]leaves|\bcloud[_ ]drift|drifting clouds?|\bgust,wind,storm_wind_rain_palms
i2v,120s,"A completely fixed, static, aerial tripod-mounted camera records an active lava flow cutting through",volcanic_lava_flow_aerial,lava_volcanic,meta,volcan|lava|magma|ash column|eruption|pyroclast,volcan,volcanic_lava_flow_aerial
i2v,120s,"A completely fixed, static, close-range tripod-mounted camera records a massive open-ocean wave pitc",ocean_wave_barrel,ocean_waves,meta,\bocean|\bsea\b|seascape|\bsurf\b|\bwaves?\b|\bbeach|coastal|shoreline|\btide|\bfjord|\bswell\b|\bbreakers?\b|\bcliffs? in\b,ocean,ocean_wave_barrel
i2v,120s,"A completely fixed, static, close-range tripod-mounted camera records a single large ocean wave curl",ocean_wave_barrel_closeup,ocean_waves,meta,\bocean|\bsea\b|seascape|\bsurf\b|\bwaves?\b|\bbeach|coastal|shoreline|\btide|\bfjord|\bswell\b|\bbreakers?\b|\bcliffs? in\b,ocean,ocean_wave_barrel_closeup
i2v,120s,"A completely fixed, static, close-range tripod-mounted camera records a small forest creek cascading",creek_cascade_mossy,river_stream,meta,\briver|\bstream|\bcreek|\bcanal|waterfall|cascad|\brapids?\b|\bbrook\b|\bflood|\btorrent|waterway|storm drain|\bweir\b|\bfountain\b|\bpond\b|\bchannel\b|\bcurrent\b,creek,creek_cascade_mossy
i2v,120s,"A completely fixed, static, low-water-level tripod-mounted camera records a calm mountain river flow",river_stream_calm,river_stream,meta,\briver|\bstream|\bcreek|\bcanal|waterfall|cascad|\brapids?\b|\bbrook\b|\bflood|\btorrent|waterway|storm drain|\bweir\b|\bfountain\b|\bpond\b|\bchannel\b|\bcurrent\b,river,river_stream_calm
i2v,120s,"A completely fixed, static, tripod-mounted camera records a bright blue sky filled with drifting whi",cloud_drift_sky,windborne,meta,wind[_ ]particle|sandstorm|sand storm|dust storm|dust[_ ]storm|windstorm|\bwind\b|cherry blossom|cherry[_ ]blossom|\bsakura\b|autumn[_ ]leaves|\bcloud[_ ]drift|drifting clouds?|\bgust,cloud drift,cloud_drift_sky
i2v,120s,"A completely fixed, static, tripod-mounted camera records a channelized urban river running through ",river_stream_urban_day,river_stream,meta,\briver|\bstream|\bcreek|\bcanal|waterfall|cascad|\brapids?\b|\bbrook\b|\bflood|\btorrent|waterway|storm drain|\bweir\b|\bfountain\b|\bpond\b|\bchannel\b|\bcurrent\b,river,river_stream_urban_day
i2v,120s,"A completely fixed, static, tripod-mounted camera records a clear river flowing past a grassy bank a",river_stream_forest,river_stream,meta,\briver|\bstream|\bcreek|\bcanal|waterfall|cascad|\brapids?\b|\bbrook\b|\bflood|\btorrent|waterway|storm drain|\bweir\b|\bfountain\b|\bpond\b|\bchannel\b|\bcurrent\b,river,river_stream_forest
i2v,120s,"A completely fixed, static, tripod-mounted camera records a dense city at dusk with a massive dark p",urban_fire_smoke_skyline,fire_smoke,meta,wildfire|campfire|fireplace|fire pit|firefight|bonfire|hearth|\bfire\b|\bsmoke|\bgrill|\bembers?\b|\bflames?\b,fire,urban_fire_smoke_skyline
i2v,120s,"A completely fixed, static, tripod-mounted camera records a desert dust storm advancing across a fla",desert_sandstorm,windborne,meta,wind[_ ]particle|sandstorm|sand storm|dust storm|dust[_ ]storm|windstorm|\bwind\b|cherry blossom|cherry[_ ]blossom|\bsakura\b|autumn[_ ]leaves|\bcloud[_ ]drift|drifting clouds?|\bgust,sandstorm,desert_sandstorm
i2v,120s,"A completely fixed, static, tripod-mounted camera records a fast mountain river running through a ro",river_stream_cascade_mountain,river_stream,meta,\briver|\bstream|\bcreek|\bcanal|waterfall|cascad|\brapids?\b|\bbrook\b|\bflood|\btorrent|waterway|storm drain|\bweir\b|\bfountain\b|\bpond\b|\bchannel\b|\bcurrent\b,river,river_stream_cascade_mountain
i2v,120s,"A completely fixed, static, tripod-mounted camera records a heavy snowfall over a snow-covered alpin",snowfall_winter_forest,precipitation,meta,rainfall|\brain\b|\brains\b|\brainy\b|rainstorm|rain[_ ]streak|raindrop|\bsnow\b|snowfall|\bsnowy\b|\bsleet\b|\bhail\b|\bdownpour\b|\bdrizzle\b|\bprecipitation\b|\bpuddle,snowfall,snowfall_winter_forest
i2v,120s,"A completely fixed, static, tripod-mounted camera records a long row of tall palms thrashing in a tr",storm_wind_rain_palms,windborne,meta,wind[_ ]particle|sandstorm|sand storm|dust storm|dust[_ ]storm|windstorm|\bwind\b|cherry blossom|cherry[_ ]blossom|\bsakura\b|autumn[_ ]leaves|\bcloud[_ ]drift|drifting clouds?|\bgust,wind,storm_wind_rain_palms
i2v,120s,"A completely fixed, static, tripod-mounted camera records a nighttime city skyline backed by a large",wildfire_skyline_night,fire_smoke,meta,wildfire|campfire|fireplace|fire pit|firefight|bonfire|hearth|\bfire\b|\bsmoke|\bgrill|\bembers?\b|\bflames?\b,wildfire,wildfire_skyline_night
i2v,120s,"A completely fixed, static, tripod-mounted camera records a rainy narrow city alley at night in desa",urban_rain_night,precipitation,meta,rainfall|\brain\b|\brains\b|\brainy\b|rainstorm|rain[_ ]streak|raindrop|\bsnow\b|snowfall|\bsnowy\b|\bsleet\b|\bhail\b|\bdownpour\b|\bdrizzle\b|\bprecipitation\b|\bpuddle,rain,urban_rain_night
i2v,120s,"A completely fixed, static, tripod-mounted camera records a swollen flood river spilling across subm",river_flood,river_stream,meta,\briver|\bstream|\bcreek|\bcanal|waterfall|cascad|\brapids?\b|\bbrook\b|\bflood|\btorrent|waterway|storm drain|\bweir\b|\bfountain\b|\bpond\b|\bchannel\b|\bcurrent\b,river,river_flood
i2v,120s,"A completely fixed, static, tripod-mounted camera records a tree-lined city street in autumn with fa",wind_particles_autumn_leaves_urban,windborne,meta,wind[_ ]particle|sandstorm|sand storm|dust storm|dust[_ ]storm|windstorm|\bwind\b|cherry blossom|cherry[_ ]blossom|\bsakura\b|autumn[_ ]leaves|\bcloud[_ ]drift|drifting clouds?|\bgust,wind particle,wind_particles_autumn_leaves_urban
i2v,120s,"A completely fixed, static, tripod-mounted camera records a tropical white-sand beach with a leaning",ocean_waves_tropical_beach,ocean_waves,meta,\bocean|\bsea\b|seascape|\bsurf\b|\bwaves?\b|\bbeach|coastal|shoreline|\btide|\bfjord|\bswell\b|\bbreakers?\b|\bcliffs? in\b,ocean,ocean_waves_tropical_beach
i2v,120s,"A completely fixed, static, tripod-mounted camera records an active grass-and-brush wildfire spreadi",wildfire_hillside_smoke,fire_smoke,meta,wildfire|campfire|fireplace|fire pit|firefight|bonfire|hearth|\bfire\b|\bsmoke|\bgrill|\bembers?\b|\bflames?\b,wildfire,wildfire_hillside_smoke
i2v,120s,"A completely fixed, static, tripod-mounted camera records an extremely heavy daytime snowfall over a",urban_snowfall_aerial,precipitation,meta,rainfall|\brain\b|\brains\b|\brainy\b|rainstorm|rain[_ ]streak|raindrop|\bsnow\b|snowfall|\bsnowy\b|\bsleet\b|\bhail\b|\bdownpour\b|\bdrizzle\b|\bprecipitation\b|\bpuddle,snowfall,urban_snowfall_aerial
i2v,240s,"A completely fixed, static, close-range tripod-mounted camera records heavy tropical rain pouring of",rainfall_roof_runoff,precipitation,meta,rainfall|\brain\b|\brains\b|\brainy\b|rainstorm|rain[_ ]streak|raindrop|\bsnow\b|snowfall|\bsnowy\b|\bsleet\b|\bhail\b|\bdownpour\b|\bdrizzle\b|\bprecipitation\b|\bpuddle,rainfall,rainfall_roof_runoff
i2v,240s,"A completely fixed, static, tripod-mounted camera records a calm tropical bay framed by a large over",ocean_waves_tropical_beach,ocean_waves,meta,\bocean|\bsea\b|seascape|\bsurf\b|\bwaves?\b|\bbeach|coastal|shoreline|\btide|\bfjord|\bswell\b|\bbreakers?\b|\bcliffs? in\b,ocean,ocean_waves_tropical_beach
i2v,240s,"A completely fixed, static, tripod-mounted camera records a historic Kyoto canal lined with traditio",river_stream_cherry_blossom_night,river_stream,meta,\briver|\bstream|\bcreek|\bcanal|waterfall|cascad|\brapids?\b|\bbrook\b|\bflood|\btorrent|waterway|storm drain|\bweir\b|\bfountain\b|\bpond\b|\bchannel\b|\bcurrent\b,river,river_stream_cherry_blossom_night
i2v,240s,"A completely fixed, static, tripod-mounted camera records a tranquil tropical beach with leaning pal",ocean_waves_tropical_beach,ocean_waves,meta,\bocean|\bsea\b|seascape|\bsurf\b|\bwaves?\b|\bbeach|coastal|shoreline|\btide|\bfjord|\bswell\b|\bbreakers?\b|\bcliffs? in\b,ocean,ocean_waves_tropical_beach
i2v,240s,"A completely fixed, static, tripod-mounted camera records an active braided lava flow advancing acro",volcanic_lava_flow,lava_volcanic,meta,volcan|lava|magma|ash column|eruption|pyroclast,volcan,volcanic_lava_flow
t2v,5s,"A_South_Korean_urban_street_at_night_during_rainfall,_recorded_by_a_completely_fixed,_static,_tripod",,precipitation,keyword,rainfall|\brain\b|\brains\b|\brainy\b|rainstorm|rain[_ ]streak|raindrop|\bsnow\b|snowfall|\bsnowy\b|\bsleet\b|\bhail\b|\bdownpour\b|\bdrizzle\b|\bprecipitation\b|\bpuddle,rainfall,A South Korean urban street at night during rainfall
t2v,5s,"A_fast-moving_mountain_stream_cascading_over_smooth_rocks,_recorded_by_a_completely_fixed,_static,_t",,river_stream,keyword,\briver|\bstream|\bcreek|\bcanal|waterfall|cascad|\brapids?\b|\bbrook\b|\bflood|\btorrent|waterway|storm drain|\bweir\b|\bfountain\b|\bpond\b|\bchannel\b|\bcurrent\b,stream,A fast-moving mountain stream cascading over smooth rocks
t2v,5s,"A_narrow_woodland_stream_winding_between_moss-covered_rocks,_recorded_by_a_completely_fixed,_static,",,river_stream,keyword,\briver|\bstream|\bcreek|\bcanal|waterfall|cascad|\brapids?\b|\bbrook\b|\bflood|\btorrent|waterway|storm drain|\bweir\b|\bfountain\b|\bpond\b|\bchannel\b|\bcurrent\b,stream,A narrow woodland stream winding between moss-covered rocks
t2v,5s,"A_rural_fire_pit_beside_a_heavy_stone_wall,_recorded_by_a_completely_fixed,_static,_tripod-mounted_c",,fire_smoke,keyword,wildfire|campfire|fireplace|fire pit|firefight|bonfire|hearth|\bfire\b|\bsmoke|\bgrill|\bembers?\b|\bflames?\b,fire pit,A rural fire pit beside a heavy stone wall
t2v,5s,"A_sandy_ocean_shoreline_at_dusk,_recorded_by_a_completely_fixed,_static,_tripod-mounted_camera._The_",,ocean_waves,keyword,\bocean|\bsea\b|seascape|\bsurf\b|\bwaves?\b|\bbeach|coastal|shoreline|\btide|\bfjord|\bswell\b|\bbreakers?\b|\bcliffs? in\b,ocean,A sandy ocean shoreline at dusk
t2v,5s,"A_tranquil_river_beneath_a_moss-covered_concrete_bridge,_recorded_by_a_completely_fixed,_static,_tri",,river_stream,keyword,\briver|\bstream|\bcreek|\bcanal|waterfall|cascad|\brapids?\b|\bbrook\b|\bflood|\btorrent|waterway|storm drain|\bweir\b|\bfountain\b|\bpond\b|\bchannel\b|\bcurrent\b,river,A tranquil river beneath a moss-covered concrete bridge
t2v,60s,"A_Himalayan_foothills_scene_featuring_a_tidal_channel_cascading_continuously_over_smooth_rocks,_reco",,river_stream,keyword,\briver|\bstream|\bcreek|\bcanal|waterfall|cascad|\brapids?\b|\bbrook\b|\bflood|\btorrent|waterway|storm drain|\bweir\b|\bfountain\b|\bpond\b|\bchannel\b|\bcurrent\b,channel,A Himalayan foothills scene featuring a tidal channel cascading continuously over smooth rocks
t2v,60s,A_Norwegian_fjord_approach_scene_featuring_a_shallow_forest_creek_that_gushes_continuously_with_visi,,river_stream,keyword,\briver|\bstream|\bcreek|\bcanal|waterfall|cascad|\brapids?\b|\bbrook\b|\bflood|\btorrent|waterway|storm drain|\bweir\b|\bfountain\b|\bpond\b|\bchannel\b|\bcurrent\b,creek,A Norwegian fjord approach scene featuring a shallow forest creek that gushes continuously with visible surface turbulence
t2v,60s,A_Pacific_Northwest_old-growth_forest_scene_featuring_a_cascading_mountain_waterfall_gliding_swiftly,,river_stream,keyword,\briver|\bstream|\bcreek|\bcanal|waterfall|cascad|\brapids?\b|\bbrook\b|\bflood|\btorrent|waterway|storm drain|\bweir\b|\bfountain\b|\bpond\b|\bchannel\b|\bcurrent\b,cascad,"A Pacific Northwest old-growth forest scene featuring a cascading mountain waterfall gliding swiftly with dark, deep currents beneath"
t2v,60s,"A_South_Korean_countryside_scene_featuring_a_wide_river_streaming_endlessly_in_one_direction,_record",,river_stream,keyword,\briver|\bstream|\bcreek|\bcanal|waterfall|cascad|\brapids?\b|\bbrook\b|\bflood|\btorrent|waterway|storm drain|\bweir\b|\bfountain\b|\bpond\b|\bchannel\b|\bcurrent\b,river,A South Korean countryside scene featuring a wide river streaming endlessly in one direction
t2v,60s,"A_beautiful_South_Korean_empty_sea_beach_scene,_recorded_by_a_completely_fixed,_static,_tripod-mount",,ocean_waves,keyword,\bocean|\bsea\b|seascape|\bsurf\b|\bwaves?\b|\bbeach|coastal|shoreline|\btide|\bfjord|\bswell\b|\bbreakers?\b|\bcliffs? in\b,sea,A beautiful South Korean empty sea beach scene
t2v,60s,"A_beautiful_rural_South_Korean_street_food_shop_scene,_recorded_by_a_completely_fixed,_static,_tripo",,fire_smoke,keyword-body,wildfire|campfire|fireplace|fire pit|firefight|bonfire|hearth|\bfire\b|\bsmoke|\bgrill|\bembers?\b|\bflames?\b,smoke,"A beautiful rural South Korean street food shop scene, recorded by a completely fixed, static, tripod-mounted camera. The camera is not seen, it does not move, tilt, pan, or zoom at any point. A small"
t2v,60s,"A_completely_fixed,_tripod-mounted_camera_captures_a_flooded_urban_street_in_Goyang-si,_Wondang,_Sou",,precipitation,override,OVERRIDE,"'flooded' fires the channel-water rule, but the dynamic content is falling rain plus a slowly rising waterline -- there is no channel flow in frame."," a flooded urban street in Goyang-si, Wondang, South Korea during heavy rainfall"
t2v,60s,"A_continuous_South_Korean_rainy_city_street_scene,_recorded_by_a_completely_fixed,_static,_tripod-mo",,precipitation,keyword,rainfall|\brain\b|\brains\b|\brainy\b|rainstorm|rain[_ ]streak|raindrop|\bsnow\b|snowfall|\bsnowy\b|\bsleet\b|\bhail\b|\bdownpour\b|\bdrizzle\b|\bprecipitation\b|\bpuddle,rainy,A continuous South Korean rainy city street scene
t2v,60s,"A_continuous_South_Korean_urban_town_street_scene_during_snowfall,_recorded_by_a_completely_fixed,_s",,precipitation,keyword,rainfall|\brain\b|\brains\b|\brainy\b|rainstorm|rain[_ ]streak|raindrop|\bsnow\b|snowfall|\bsnowy\b|\bsleet\b|\bhail\b|\bdownpour\b|\bdrizzle\b|\bprecipitation\b|\bpuddle,snowfall,A continuous South Korean urban town street scene during snowfall
t2v,60s,"A_continuous_urban_fire_scene,_recorded_by_a_completely_fixed,_static,_tripod-mounted_camera._The_ca",,fire_smoke,keyword,wildfire|campfire|fireplace|fire pit|firefight|bonfire|hearth|\bfire\b|\bsmoke|\bgrill|\bembers?\b|\bflames?\b,fire,A continuous urban fire scene
t2v,60s,"A_dangerous_South_Korean_hilly_forest_storm_scene,_recorded_by_a_completely_fixed,_static,_tripod-mo",,windborne,keyword-body,wind[_ ]particle|sandstorm|sand storm|dust storm|dust[_ ]storm|windstorm|\bwind\b|cherry blossom|cherry[_ ]blossom|\bsakura\b|autumn[_ ]leaves|\bcloud[_ ]drift|drifting clouds?|\bgust,wind,"A dangerous South Korean hilly forest storm scene, recorded by a completely fixed, static, tripod-mounted camera. The camera is not seen, it does not move, tilt, pan, or zoom at any point. Tall pine a"
t2v,60s,"A_dangerous_rural_South_Korean_river_scene_at_night,_recorded_by_a_completely_fixed,_static,_tripod-",,river_stream,keyword,\briver|\bstream|\bcreek|\bcanal|waterfall|cascad|\brapids?\b|\bbrook\b|\bflood|\btorrent|waterway|storm drain|\bweir\b|\bfountain\b|\bpond\b|\bchannel\b|\bcurrent\b,river,A dangerous rural South Korean river scene at night
t2v,60s,"A_high_desert_canyon_scene_featuring_a_wide_river_sweeping_forward_carrying_foam_and_debris,_recorde",,river_stream,keyword,\briver|\bstream|\bcreek|\bcanal|waterfall|cascad|\brapids?\b|\bbrook\b|\bflood|\btorrent|waterway|storm drain|\bweir\b|\bfountain\b|\bpond\b|\bchannel\b|\bcurrent\b,river,A high desert canyon scene featuring a wide river sweeping forward carrying foam and debris
t2v,60s,"A_serene_woodland_stream_scene,_recorded_by_a_completely_fixed,_static,_tripod-mounted_camera._The_c",,river_stream,keyword,\briver|\bstream|\bcreek|\bcanal|waterfall|cascad|\brapids?\b|\bbrook\b|\bflood|\btorrent|waterway|storm drain|\bweir\b|\bfountain\b|\bpond\b|\bchannel\b|\bcurrent\b,stream,A serene woodland stream scene
t2v,60s,"A_storm-swollen_rural_stream,_recorded_by_a_fixed_tripod_camera._The_solid_paved_road_and_motionless",,river_stream,keyword,\briver|\bstream|\bcreek|\bcanal|waterfall|cascad|\brapids?\b|\bbrook\b|\bflood|\btorrent|waterway|storm drain|\bweir\b|\bfountain\b|\bpond\b|\bchannel\b|\bcurrent\b,stream,A storm-swollen rural stream
t2v,60s,"A_stormy_sea_cliff_in_South_Korea,_recorded_by_a_static_tripod_camera._The_heavy_stone_cliffs_and_im",,ocean_waves,keyword,\bocean|\bsea\b|seascape|\bsurf\b|\bwaves?\b|\bbeach|coastal|shoreline|\btide|\bfjord|\bswell\b|\bbreakers?\b|\bcliffs? in\b,sea,A stormy sea cliff in South Korea
t2v,60s,"A_stunning_South_Korean_urban_neighborhood_park_scene_during_cherry_blossom_season,_recorded_by_a_co",,windborne,keyword,wind[_ ]particle|sandstorm|sand storm|dust storm|dust[_ ]storm|windstorm|\bwind\b|cherry blossom|cherry[_ ]blossom|\bsakura\b|autumn[_ ]leaves|\bcloud[_ ]drift|drifting clouds?|\bgust,cherry blossom,A stunning South Korean urban neighborhood park scene during cherry blossom season
t2v,60s,"A_stunning_tranquil_river_scene_beneath_a_concrete_bridge,_recorded_by_a_completely_fixed,_static,_t",,river_stream,keyword,\briver|\bstream|\bcreek|\bcanal|waterfall|cascad|\brapids?\b|\bbrook\b|\bflood|\btorrent|waterway|storm drain|\bweir\b|\bfountain\b|\bpond\b|\bchannel\b|\bcurrent\b,river,A stunning tranquil river scene beneath a concrete bridge
t2v,60s,"A_tranquil_mountain_stream_in_a_rural_South_Korean_valley,_recorded_by_a_completely_fixed,_static,_t",,river_stream,keyword,\briver|\bstream|\bcreek|\bcanal|waterfall|cascad|\brapids?\b|\bbrook\b|\bflood|\btorrent|waterway|storm drain|\bweir\b|\bfountain\b|\bpond\b|\bchannel\b|\bcurrent\b,stream,A tranquil mountain stream in a rural South Korean valley
t2v,60s,"A_tropical_jungle_clearing_featuring_a_broad_lowland_river_coursing_powerfully_through_the_channel,_",,river_stream,keyword,\briver|\bstream|\bcreek|\bcanal|waterfall|cascad|\brapids?\b|\bbrook\b|\bflood|\btorrent|waterway|storm drain|\bweir\b|\bfountain\b|\bpond\b|\bchannel\b|\bcurrent\b,river,A tropical jungle clearing featuring a broad lowland river coursing powerfully through the channel
t2v,60s,"An_alpine_meadow_below_snowline_featuring_a_multi-tiered_waterfall_gliding_swiftly_with_dark,_deep_c",,river_stream,keyword,\briver|\bstream|\bcreek|\bcanal|waterfall|cascad|\brapids?\b|\bbrook\b|\bflood|\btorrent|waterway|storm drain|\bweir\b|\bfountain\b|\bpond\b|\bchannel\b|\bcurrent\b,waterfall,"An alpine meadow below snowline featuring a multi-tiered waterfall gliding swiftly with dark, deep currents beneath"
t2v,60s,"An_ancient_stone_city_waterway_featuring_fast-moving_rapids_streaming_endlessly_in_one_direction,_re",,river_stream,keyword,\briver|\bstream|\bcreek|\bcanal|waterfall|cascad|\brapids?\b|\bbrook\b|\bflood|\btorrent|waterway|storm drain|\bweir\b|\bfountain\b|\bpond\b|\bchannel\b|\bcurrent\b,waterway,An ancient stone city waterway featuring fast-moving rapids streaming endlessly in one direction
t2v,60s,"An_urban_storm_drain_canal,_recorded_by_a_static_tripod_camera._The_heavy_concrete_walls_and_immovab",,river_stream,keyword,\briver|\bstream|\bcreek|\bcanal|waterfall|cascad|\brapids?\b|\bbrook\b|\bflood|\btorrent|waterway|storm drain|\bweir\b|\bfountain\b|\bpond\b|\bchannel\b|\bcurrent\b,storm drain,An urban storm drain canal
t2v,120s,"A_cinematic_wide_shot_of_a_serene_forest_river,_its_crystal-clear_water_flowing_gently_and_unendingl",,river_stream,keyword,\briver|\bstream|\bcreek|\bcanal|waterfall|cascad|\brapids?\b|\bbrook\b|\bflood|\btorrent|waterway|storm drain|\bweir\b|\bfountain\b|\bpond\b|\bchannel\b|\bcurrent\b,river,"A cinematic wide shot of a serene forest river, its crystal-clear water flowing gently and unendingly over smooth, ancient stones"
t2v,120s,"A_dangerous_hillside_storm,_recorded_by_a_static_tripod_camera._The_immovable_rocky_slopes_and_solid",,windborne,keyword-body,wind[_ ]particle|sandstorm|sand storm|dust storm|dust[_ ]storm|windstorm|\bwind\b|cherry blossom|cherry[_ ]blossom|\bsakura\b|autumn[_ ]leaves|\bcloud[_ ]drift|drifting clouds?|\bgust,wind,"A dangerous hillside storm, recorded by a static tripod camera. The immovable rocky slopes and solid tree trunks anchor the frame, while branches whip violently and leaves scatter continuously in the "
t2v,120s,"A_dramatic_medium_shot_of_a_massive_mountain_waterfall,_deep_blue_water_crashing_and_splashing_viole",,river_stream,keyword,\briver|\bstream|\bcreek|\bcanal|waterfall|cascad|\brapids?\b|\bbrook\b|\bflood|\btorrent|waterway|storm drain|\bweir\b|\bfountain\b|\bpond\b|\bchannel\b|\bcurrent\b,waterfall,"A dramatic medium shot of a massive mountain waterfall, deep blue water crashing and splashing violently into a misty pool below"
t2v,120s,"A_rainy_urban_street_at_night,_recorded_by_a_fixed_tripod_camera._The_solid_concrete_buildings_and_m",,precipitation,keyword,rainfall|\brain\b|\brains\b|\brainy\b|rainstorm|rain[_ ]streak|raindrop|\bsnow\b|snowfall|\bsnowy\b|\bsleet\b|\bhail\b|\bdownpour\b|\bdrizzle\b|\bprecipitation\b|\bpuddle,rainy,A rainy urban street at night
t2v,120s,"A_tranquil_rural_canal_beside_a_heavy_stone_embankment,_recorded_by_a_completely_fixed,_static,_trip",,river_stream,keyword,\briver|\bstream|\bcreek|\bcanal|waterfall|cascad|\brapids?\b|\bbrook\b|\bflood|\btorrent|waterway|storm drain|\bweir\b|\bfountain\b|\bpond\b|\bchannel\b|\bcurrent\b,canal,A tranquil rural canal beside a heavy stone embankment
t2v,120s,An_alpine_meadow_below_snowline_featuring_a_broad_lowland_river_rushing_downstream_in_a_relentless_c,,river_stream,keyword,\briver|\bstream|\bcreek|\bcanal|waterfall|cascad|\brapids?\b|\bbrook\b|\bflood|\btorrent|waterway|storm drain|\bweir\b|\bfountain\b|\bpond\b|\bchannel\b|\bcurrent\b,river,An alpine meadow below snowline featuring a broad lowland river rushing downstream in a relentless current
t2v,240s,"A_South_Korean_urban_rainstorm,_recorded_by_a_fixed_tripod_camera._Rain_falls_continuously_onto_the_",,precipitation,keyword,rainfall|\brain\b|\brains\b|\brainy\b|rainstorm|rain[_ ]streak|raindrop|\bsnow\b|snowfall|\bsnowy\b|\bsleet\b|\bhail\b|\bdownpour\b|\bdrizzle\b|\bprecipitation\b|\bpuddle,rainstorm,A South Korean urban rainstorm
t2v,240s,"A_massive_mountain_waterfall_crashing_continuously_into_a_misty_pool,_recorded_by_a_completely_fixed",,river_stream,keyword,\briver|\bstream|\bcreek|\bcanal|waterfall|cascad|\brapids?\b|\bbrook\b|\bflood|\btorrent|waterway|storm drain|\bweir\b|\bfountain\b|\bpond\b|\bchannel\b|\bcurrent\b,waterfall,A massive mountain waterfall crashing continuously into a misty pool
t2v,240s,"A_serene_forest_river,_its_clear_water_flowing_over_smooth_stones_without_pause_or_interruption,_rec",,river_stream,keyword,\briver|\bstream|\bcreek|\bcanal|waterfall|cascad|\brapids?\b|\bbrook\b|\bflood|\btorrent|waterway|storm drain|\bweir\b|\bfountain\b|\bpond\b|\bchannel\b|\bcurrent\b,river,"A serene forest river, its clear water flowing over smooth stones without pause or interruption"
t2v,240s,"A_violent_hillside_storm,_recorded_by_a_static_tripod_camera._Tall_trees_thrash_continuously_in_fier",,windborne,keyword-body,wind[_ ]particle|sandstorm|sand storm|dust storm|dust[_ ]storm|windstorm|\bwind\b|cherry blossom|cherry[_ ]blossom|\bsakura\b|autumn[_ ]leaves|\bcloud[_ ]drift|drifting clouds?|\bgust,wind,"A violent hillside storm, recorded by a static tripod camera. Tall trees thrash continuously in fierce wind. The rocky slopes, tree trunks, and forest floor remain perfectly motionless. Wind and veget"
